Attendees,Monday,Tuesday,Wednesday,Thursday,Friday
Parag,44.01293525,57.06614308,12.4829443,43.29051499,14.04612503
Natasha,53.70835081,11.39704852,46.70501441,9.698692839,7.648476935
Rikshith,2.812771853,10.65996329,15.46616829,31.05651525,4.089393066
Vivek,32.46939707,58.46934727,39.10470876,8.061811153,22.63837999
