firstname,Monday,Tuesday,Wednesday,Thursday,Friday
Gaurav,32.73404574,25.72923954,28.01319026,5.869010081,43.60562084
Abhisheik,17.97824767,31.86551033,31.3581264,16.33823698,5.284227976
Ankita,35.88858433,48.44405921,25.03362636,0.461634727,55.62925592
Harsh,51.48757832,41.57294426,12.9776324,35.09913121,13.19474961
Dhaval,55.31888995,38.29417515,50.64094907,15.89922992,29.95389512
