Attendees,Monday,Tuesday,Wednesday,Thursday,Friday
Parag,44.01293525,57.06614308,12.4829443,43.29051499,14.04612503
Natasha,53.70835081,11.39704852,46.70501441,9.698692839,7.648476935
Gaurav,32.73404574,25.72923954,28.01319026,5.869010081,43.60562084
Abhisheik,17.97824767,31.86551033,31.3581264,16.33823698,5.284227976
